1.521705903784349978e+01,-9.502939510497457221e+00,-8.349453628159100305e+00
-1.087763958609112791e+01,-1.887093304757025791e+01,1.786578262639461911e+01
1.925124090582006176e+01,-7.373280460634058286e+00,-7.030673775213562848e-01
-1.102280637712085287e+01,6.316269559056674865e+00,4.394354823608733973e+00
-1.298969507759171726e+01,2.886569279904322549e+00,5.611113364350202914e+00
1.366962066788020458e+00,1.617240427870291697e+01,2.551087274464959087e+00
2.788047878833217474e-01,1.911466421606899857e+01,7.724430672909328166e+00
-1.567395992179607944e+01,4.831505894904529974e+00,2.514398777401280149e+00
-2.147140311227336440e+01,-1.552235831787821319e+01,-1.483174866631513034e+01
2.211004497747876840e+01,-1.145127500081481386e+01,-3.713573656632056519e-01
-1.846782433010699975e+01,-1.639306179203315850e+01,-1.814885828419546954e+01
-1.319947810193183457e+01,3.443913890518797150e+00,8.726150192864446709e+00
-2.105766851175114240e+01,-1.562055389005166539e+01,-1.803414193869973303e+01
-2.033964659284522369e+01,-1.758678763038927784e+01,-1.976572185583728469e+01
1.976827709830485702e+01,-1.469371412839124602e+01,3.404393431923748103e+00
-2.532927671342813269e+01,-1.475991184512875876e+01,-2.106600879660942738e+01
-1.758272462087369092e+01,-1.728575590757664315e+01,-1.832081865142848542e+01
1.680852921248942522e+01,-1.457432042309878284e+01,-1.321879798022298935e+00
-8.786933494222267882e+00,-1.899636363235650549e+01,1.728782807042125569e+01
1.943165539177675427e+01,-8.110157379183174697e+00,-3.326081387783074828e+00
1.058032385457478242e+00,1.477387376143867925e+01,7.308806525719837133e+00
-6.467418761141376038e+00,-2.051889493994632474e+01,1.481144351186826214e+01
-2.360771494066402099e+01,-1.171043789546308744e+01,-2.436161656755943028e+01
-1.206077816815172632e+01,-1.790069686155874962e+01,1.858872976526498277e+01
-1.559688332764462437e+01,5.410371764838393105e+00,1.461261832778318226e+00
-2.192394382241229778e+01,-1.947881193784685649e+01,-2.030939005625151594e+01
1.993162158420923546e+01,-1.067423584746248011e+01,1.917702430307650641e+00
-1.532160505674799644e+01,2.883784318059939178e+00,1.490178744851637038e+00
4.034950848031003012e+00,1.692829013683592976e+01,2.651783824512071952e+00
1.670771395315565755e+01,-9.974782885371073604e+00,-3.419369803959093623e-02
-2.149002175281292892e+01,-1.730853652465942716e+01,-2.383607346940306471e+01
7.563412022913925670e-01,1.187842548211452964e+01,2.627476594476032989e+00
-6.587073881657593333e+00,-1.840723181444439760e+01,1.727965822794497441e+01
-1.415700873422373718e+01,1.504941674078636549e+00,5.751534772280754382e+00
3.626557850763457047e+00,1.213904302641216937e+01,1.702952926158991964e+00
-5.289364017768548365e+00,-1.983436266441194107e+01,1.943441009833128419e+01
5.017678236815133808e+00,1.870236757460613219e+01,3.853945185437515519e+00
1.519635539169761529e+01,-1.303984739989997799e+01,3.288224524304157903e+00
1.736406002348305933e+01,-1.201803356200514550e+01,-5.156826248231610066e+00
2.206775781817958304e+00,2.030034730024973300e+01,1.629974865150009888e+00
2.277602439644932986e+01,-5.481904110438060584e+00,-6.383716505395482521e-01
-1.549769391568406540e+01,5.295922998488549638e+00,2.686155052648158126e+00
1.774712659213289712e+01,-1.338413981019402677e+01,-6.635716109754008496e-02
-1.239186190478068816e+01,-1.998750006930016099e+01,1.688148217854798716e+01
-1.011993863801494342e+01,-2.015728663589059266e+01,2.242371767353596113e+01
-1.633942590958059426e+01,1.321113023701399047e+00,1.618781555636331859e+00
-2.253629525629079922e+01,-1.179326247105026937e+01,-1.761333964157653753e+01
6.990615806298150492e-01,1.142630617202221188e+01,3.828268645333627873e+00
-1.261840644063957129e+01,2.935932477969887877e+00,6.050032237210277941e+00
-7.465515469564212303e+00,-1.864660006189297903e+01,1.769660406554805832e+01
-1.366710735648181085e+01,-1.977576869030280449e+01,2.003848506380027317e+01
1.678778207967405223e+01,-1.226542176543238583e+01,-2.290044527525343376e-01
-2.269142992606520437e+01,-1.766655657569753402e+01,-2.141872034096288502e+01
1.833623768366003404e+01,-1.152819079124602375e+01,3.830268748428493630e+00
-2.321270988340928199e+01,-1.479966093280022932e+01,-1.712942055837041622e+01
1.921545715416921851e+01,-6.306828398176591577e+00,-3.050519795486443364e+00
-9.878098488034623870e+00,-2.114949678729397675e+01,1.634730079164471661e+01
2.221257188393402515e+01,-1.084275912113105278e+01,1.645971472686919235e+00
2.124796269834201112e+01,-1.172235947614832341e+01,-4.634613598469164764e+00
-1.756091107366751913e+01,3.455096411384340982e+00,2.780656659495263305e+00
-2.656458624035683336e+00,-1.753553870911277457e+01,1.693578624085487050e+01
-6.861423357678445356e+00,-1.943119774715522752e+01,2.079315555339386634e+01
-1.919818369746351649e+01,-1.286691854248963907e+01,-8.743694349604325566e+00
-1.643038211901893142e+00,1.417462654010629564e+01,3.168384998572519429e+00
-2.856953983420828180e+00,-2.122232934526187975e+01,1.891063171779803653e+01
2.088088179626122454e+01,-1.434755804154094427e+01,-2.419198541158001259e+00
-6.602622765576113828e+00,-2.013070090843554638e+01,1.807253087560021143e+01
-6.688082049100090742e+00,-1.866478264373117568e+01,1.602134415661889832e+01
-1.976085621322263108e+01,-1.779731688336348583e+01,-1.473748310090100055e+01
-1.888379989714446339e+01,-1.993002599473032532e+01,-1.784406329383924117e+01
-1.814991954655935302e+01,-1.946556850477945488e+01,-1.213930644111899682e+01
-7.012459381114290125e+00,-1.768362876929949223e+01,1.836456063278268402e+01
-1.301206968745901804e+01,2.542784236974675594e+00,2.923495157852173065e+00
-9.585054964132435629e+00,-1.843837445284911780e+01,1.584385814906274881e+01
-1.771491487408411913e+01,-2.490798169112514771e+01,-1.715277747445978562e+01
2.242624624796511057e+01,-1.119754308982036228e+01,-6.739816024308495024e+00
7.593134080348140635e-01,1.538256931672637506e+01,1.497278246689792702e-01
-2.053281414392888493e+01,-1.488513648215860030e+01,-1.592603787130416748e+01
2.103019579772912806e+01,-1.415728107537112024e+01,-4.041110816415750762e+00
-1.915351174140665336e+01,-1.844387713818122165e+01,-1.909641725858604033e+01
5.239161391132982626e-01,1.863682716390480820e+01,4.346562473094836676e+00
-1.381833063905164671e+01,3.361111234628094913e+00,2.699090391057425542e+00
-1.990504455297281794e+01,-1.678823747013962731e+01,-2.326125859740916724e+01
1.682328079687019695e+01,-1.162627027127097534e+01,-1.202105650645244106e+00
-1.279521252201671011e+01,5.517203518211351465e+00,5.366960046756610758e+00
1.995222267078843004e+01,-1.295858274221346207e+01,-6.904331137051697986e+00
-1.230589886294173319e+01,-1.963012271203580994e+01,2.173051451486892560e+01
1.358605515032930366e+00,1.752256866695359605e+01,4.804357251301023979e+00
-6.655011013322288171e+00,-1.824442533498709196e+01,1.892090648260188601e+01
-1.620794473669437252e+01,3.795675222260311177e+00,5.720385660829905738e+00
1.933258436286902082e+01,-1.264331082272429718e+01,6.877524914181941007e+00
-1.026884693688819716e+01,-1.986560948004322213e+01,1.958907327281204758e+01
-1.757237425138231046e+01,-1.952798263392837086e+01,-1.800183468919492924e+01
-6.478158053953650963e+00,-2.015286691566950950e+01,1.623094016488259328e+01
2.108252275514342600e+01,-8.770084318454964389e+00,-5.324640859726490483e+00
-1.774551158002433837e+01,4.289715127169857922e+00,4.998028416033367449e+00
-1.915478982378418493e+01,-1.581477864317883331e+01,-1.894544478466249871e+01
1.732280311174605103e+01,-1.019257714056611164e+01,-3.938377734520380535e+00
-3.347183589127622483e+00,-2.017027286457770785e+01,1.836484115314626564e+01
3.969693895188427524e-01,2.006205279947321429e+01,-1.189430349621006577e+00
-1.433723322073402962e+01,2.103856255906860540e+00,5.094227593028542778e+00
-6.146860398442800744e+00,1.424891386597844090e+01,2.689677044864472677e+00
-2.316500360890590215e+01,-1.565420589862677403e+01,-1.677793241772454635e+01
1.920460168606870255e+01,-8.107659160953541999e+00,-2.701014114275002154e-02
9.579738805443273719e+00,1.612206445978534219e+01,1.583978329008282726e+00
1.801145181229604475e+01,-1.037020455488918458e+01,1.475911934578271190e+00
1.870835308752889148e+01,-1.487669608518992881e+01,5.728934718332897802e+00
-1.170086905408884448e+01,5.262523308590321136e+00,3.560679712961837051e+00
-1.935694149218856452e+01,-1.747364737591996331e+01,-2.626851436813396390e+01
1.832842310388856433e+01,-1.036685504985956818e+01,-1.330643052657291214e+00
-1.558514887710280661e+01,1.332855375514101048e+00,5.572832254607186009e+00
-9.519972588716919759e+00,-1.881203222414566767e+01,1.853343741763723784e+01
-2.062027853125807653e+01,-2.092510998673568778e+01,-1.231544695659222910e+01
-2.297765571558838715e+01,-1.895339006357257006e+01,-1.668160510582568179e+01
1.853931648867154536e+01,-1.340840228474048246e+01,-1.273636582258327765e+00
-1.358774363657473838e+00,1.614035240080464462e+01,1.707963011021700339e-01
-2.061782707156068284e+01,-1.891254837122556864e+01,-1.936568174870908265e+01
-8.736322965493178216e+00,-1.885333109590228773e+01,1.347950527697096845e+01
2.115314587032548488e+01,-1.257642835994893815e+01,8.542471201901191691e-01
-1.759380005535652103e+01,-1.866908553914067070e+01,-1.902395105269378917e+01
-2.225126788143301226e+01,-1.897329630110544230e+01,-1.286493838559427871e+01
-1.854627754639084358e+01,-2.171068515468691373e+01,-1.168985377785397262e+01
-7.583338399500761717e+00,-1.975665934789115497e+01,1.702931199929792072e+01
-2.205814472513436186e+01,-2.164652685400330512e+01,-1.796045083603494419e+01
-1.737733807823969467e+00,1.671092788193427481e+01,2.381837745373585946e+00
1.632253531910543032e+01,-1.369665660168680255e+01,-1.339490663683276406e+00
-2.012319582488482794e+01,-2.317776851345330869e+01,-1.748738168499689394e+01
1.977083902796354664e+01,-9.549692431506997536e+00,-2.671598770445364757e+00
2.024805689622492011e+01,-9.243735692506385604e+00,5.957335745416969530e+00
-1.305167556117480032e+01,-1.571496985199729224e+01,1.747981787973029810e+01
-9.516952635596267029e+00,-1.707926573889560373e+01,1.502508108613845117e+01
-2.228807056174553125e+01,-1.817544936390748589e+01,-1.829810770272176512e+01
2.019826488756637062e+01,-6.560172580366362638e+00,4.955728836785840308e+00
-1.772628149252104279e+01,-1.407644394339916083e+01,-1.923956544127348778e+01
-6.294978135474362801e+00,-2.084769351664783343e+01,1.508188226698277745e+01
-5.806436952624881798e+00,-1.972248399469151536e+01,1.766093087093263847e+01
2.405947911009175399e+01,-1.130193130901982279e+01,3.863659509630777755e+00
-2.409734056872300556e+01,-1.824163268332602428e+01,-2.026538116305783888e+01
-1.660850953917663730e+01,-2.215122371872782736e+01,-1.326064571796632308e+01
-1.096224736028712599e+01,-1.751239071373732514e+01,1.594847422531768366e+01
2.197422986808386014e+01,-1.507630825737369307e+01,-7.597014068989685676e+00
1.645759067756208793e+01,-1.013346011912542721e+01,1.682281122154860586e+00
-2.392337989214573568e+01,-1.560975288314086029e+01,-1.511244869242431754e+01
1.843045850795352081e+01,-1.067028444889959005e+01,-1.261186179829007603e+00
-2.006662723790545044e+01,-2.061460191869204550e+01,-1.923376814592577588e+01
-1.884375288480926969e+01,-1.491198864309501992e+01,-1.249218350729872284e+01
-5.615380089338982472e+00,-1.916155331805471818e+01,1.969386120826322184e+01
-6.493173344499216348e+00,-1.841054837838798974e+01,1.866129295802581467e+01
-1.409848192187200233e+01,7.519849687898654267e-01,4.286696463639219523e+00
2.259572471450851339e+01,-1.594870444719648006e+01,-2.922623190707395846e+00
1.694126544849849836e+01,-1.300733405737956616e+01,5.508741739204743304e+00
1.843272772041841989e+01,-1.020928191270871821e+01,-6.198324006182193813e+00
-1.504797317958662006e+01,-1.236521758461784515e+01,-1.642466277436786015e+01
-1.736071337545623550e+01,-1.417248221121973017e+01,-1.416041152430985406e+01
2.067221083026804962e+01,-9.427238454714368387e+00,-1.661205841592839239e+00
-6.575606981731139555e+00,-1.957455421514819704e+01,1.635217977945287515e+01
-4.810081698589323551e+00,-1.796737836823874446e+01,2.008687035373068852e+01
-7.883607591280190618e+00,1.521981645474888900e+01,1.627759583985555203e+00
1.256575504534866994e+00,1.692273180679491773e+01,2.974874119155865415e+00
-6.426974784124129592e+00,-2.086595457355022631e+01,1.466976461801417386e+01
2.254561821353899731e+01,-1.305556268196597003e+01,-2.336709715076989102e+00
-1.935627488634692028e+01,-1.655528007752792874e+01,-1.906677095016586065e+01
-1.366365256563738306e+01,4.474507439970062173e+00,1.731429233428459558e+00
-9.748480887836352693e+00,-2.111395294274700873e+01,1.436156852294126907e+01
-1.792460514698423424e+01,-1.651931195012881304e+01,-1.649426953971711285e+01
-1.355693748114527253e+01,3.301417080235476753e+00,5.216199049193528836e+00
-7.283393959223388947e+00,-1.879343257641959397e+01,1.635880284810561136e+01
-1.339366752689016060e+01,4.848105218603836697e+00,4.480859861024817370e+00
-1.265377867147330981e+01,-2.083561107309193972e+01,1.677643619753147775e+01
-6.423235917452936317e-01,1.407446984443656923e+01,5.637701520501138930e+00
-1.645859519622416656e+01,-1.985656771445537316e+01,-1.868819533166247737e+01
-1.594127395273089220e+01,-1.341146917549405870e+01,-1.324967093432024612e+01
-1.880196871457484420e+01,-1.270735561943125802e+01,-1.335718091663235896e+01
3.048357550925314685e-01,1.292164633247404204e+01,1.412484987776606804e+00
2.073624279524466019e+01,-1.114833882535991805e+01,7.874861289989907309e-01
-2.068642213119523454e+00,-2.004832071612536382e+01,1.347477156314895552e+01
-1.354195005113428074e+01,3.659193074068149087e+00,4.661470189581354617e+00
-2.224185234451777404e+01,-1.936178298606882109e+01,-1.838762579697610633e+01
-1.583688785305420410e+01,-1.212422780969379765e+01,-1.315069578228587233e+01
2.112697534014793277e+01,-1.222412119905504113e+01,-5.055085233876960515e+00
-8.653440797132743612e+00,-2.032862784851994320e+01,1.769241258108144876e+01
-6.566074868165294731e+00,-2.122847205582904806e+01,2.169055142670521619e+01
4.311783007291504433e+00,1.613442157185489734e+01,-3.108420396885502868e-02
3.865563044524052305e+00,1.320749940662658339e+01,6.821839415064889778e+00
-7.215574468859407453e+00,-2.087262207294295635e+01,1.584917449244462695e+01
-1.144444779212838448e+01,4.247416414411255836e+00,2.620517445712656546e+00
2.170544407551705035e+01,-1.242655021458832465e+01,6.124628227707774819e+00
-1.050405109417484262e+01,6.608035911009302765e+00,8.630023691452938905e+00
-1.228847573778029112e+00,2.481038219764366204e+01,6.614824529162085298e+00
-1.190005039564979583e+01,5.599764469654173737e+00,5.817544129252444129e+00
2.098784232698069374e+01,-1.064359915157359460e+01,9.498409819852897673e-01
2.063571284029867314e+01,-1.268708254921700984e+01,-1.564525443600093046e+00
-9.975680516863505432e+00,-1.896330797358413989e+01,1.852218008156527418e+01
-1.679722998935030986e+01,-2.255945374571960116e+01,-1.813750490163442919e+01
-1.529114996824865536e+01,-2.065470053135516437e+01,-1.472021088244196640e+01
-1.002167428782066949e+01,-2.265675697041016790e+01,1.991141942271161014e+01
-7.888142673888086875e+00,-1.863662444871374646e+01,2.186616721712963596e+01
-1.086618900933149501e-01,1.344442774636349824e+01,-1.589135767483385919e+00
1.883629471347346040e+01,-1.087519673134446840e+01,1.118735574493083362e+00
1.755719357021117943e+01,-1.121280344098723170e+01,3.804993688251266271e+00
-2.700018789659869611e+01,-1.699460424937705127e+01,-1.719636191204989828e+01
2.036440091730487367e+01,-1.061322020363902219e+01,8.447190156501211966e-01
2.018461332374488393e+01,-1.248596498491400908e+01,-5.438603252310004521e+00
-1.070409265650760844e+01,-1.890911243750085546e+01,1.561630353994480913e+01
-1.137016109741488634e+01,2.129131518936171474e+00,3.795487646885945310e+00
1.921932447620955742e+01,-1.084260316475005048e+01,3.862805776904761679e+00
1.944271965180336181e+01,-1.225584784502231273e+01,-7.450388277786486491e+00
-5.878895373064956686e+00,-1.759697691814640308e+01,1.396664761282398359e+01
-2.035202948663024358e+01,-1.966922023208802983e+01,-1.555613322790901165e+01
-5.580543831621612938e+00,-2.113569395433504639e+01,1.829413852208642410e+01
1.812508182732848638e+01,-1.158289966730735721e+01,-1.706212537528343010e+00
-8.742296985983607271e+00,-2.188647416153464675e+01,1.643177339890834787e+01
2.194745957937045233e+01,-1.125222305638764553e+01,5.635005835186139844e-01
-1.320243867603499766e+01,5.647221719858624311e+00,5.823519791755580322e+00
-1.872365195021579609e+01,-1.422871223320747980e+01,-1.938733849656241048e+01
-1.510075790219960723e+01,3.635655018355416601e+00,5.580423762953388156e+00
-4.603595981492012434e-01,1.395401743689405016e+01,1.979468676999751597e+00
-1.969270660250122518e+01,-1.814630954738232305e+01,-1.941016823237112732e+01
-1.606201795533509369e+01,-2.332534882371842144e+01,-1.368034409950614361e+01
-1.331981028220814522e+01,-2.195002222420913540e+01,1.688245169865011874e+01
-1.583449207604593312e+01,3.498051302196262036e+00,3.055214780666839935e+00
-1.447005976249507953e+01,6.340400130347431329e+00,7.498944599590422477e+00
-2.162629989699621547e+01,-1.063996371322178192e+01,-2.152417505533263764e+01
-2.379974490186993208e+01,-1.561406352030112110e+01,-2.098846096992892996e+01
-1.291609248104766827e+01,3.358628847285175745e+00,2.237500577183736183e+00
1.748681784137712825e+01,-1.344633466675320932e+01,1.845316877717589232e+00
-9.343190404502097479e+00,-1.959908178849696014e+01,1.953473008476648332e+01
-1.803652402166316904e+01,-1.710506845190748848e+01,-2.030115628044817200e+01
-2.202069128454290592e+01,-1.574870642505714358e+01,-1.623926880495908165e+01
-1.999997845187509427e+01,-1.650007690696168083e+01,-1.840613960011735628e+01
-1.594043770997736686e+01,5.190668577183378041e+00,5.185114899738600514e+00
-2.383944649672947236e+01,-1.639103475555933898e+01,-1.525796118867239493e+01
-1.329993127788650042e+01,3.598794624482512639e+00,2.703248600472479168e+00
-2.086752472238025646e+01,-1.511007627760246308e+01,-1.470961517207743796e+01
-2.079096983854732272e+01,-1.503483331828855540e+01,-1.632353507129696979e+01
-1.138374295344563691e+01,4.127111383392149335e+00,5.972442735613468834e+00
-1.387300867947183747e+01,4.259464533537255626e+00,2.696387931555218831e+00
-2.344184488224942697e+01,-1.571703234085009626e+01,-1.840222454440245059e+01
-2.452581110657878938e+01,-2.052297772211884919e+01,-1.763558691217783547e+01
-2.262780158589185575e+01,-1.924458489201384381e+01,-1.608068263627286143e+01
-1.571427388238274148e+01,2.543262345970667582e+00,6.175699405663373831e+00
-2.081532365810976515e+01,-1.423842891573925051e+01,-1.652619788452794580e+01
-9.985149863830735661e-01,1.959087150933261157e+01,5.323814405775718406e+00
-1.822850815161440607e+01,-1.751458080872026102e+01,-1.809017045560373305e+01
-9.272043971416961128e+00,-1.925609256227411947e+01,1.953671432014004594e+01
-5.539150458151731016e+00,-1.988546349797080026e+01,1.569175598804003968e+01
-1.349237793351548831e+01,4.396591008711133952e+00,3.911246186479624853e+00
-2.489456144672638871e+01,-2.340890073762020407e+01,-1.835489451328966837e+01
1.876190950440210869e+01,-1.164032293676232932e+01,-3.123793196253100923e+00
4.123890840797320712e-01,1.534728713844838843e+01,4.434019487322508724e+00
-8.971937446739808308e+00,-2.130100686131738641e+01,1.815693715202868574e+01
5.165096731806197994e-01,8.955305583789792578e+00,2.454663837577224506e+00
-2.102371357803301777e+01,-1.419031953082625996e+01,-2.037659350931033231e+01
1.707637259536356567e+01,-1.253234611291680523e+01,1.112833947653723676e+00
-6.090069006049030342e+00,-1.953924400853286869e+01,1.665035053182515412e+01
1.762886718398606334e+01,-1.305620277248358896e+01,-3.068779494984953615e+00
-1.461423344051606676e+01,1.390816805125054234e+00,4.716320144470088849e+00
2.184372483225293493e+01,-8.960370747338291864e+00,1.581603565493389318e+00
-1.351941005483211100e+01,2.574515278673875418e+00,4.210676790841483275e+00
2.155171149990269797e+01,-1.248919002785420496e+01,3.870586505990150084e-01
-9.521835300879059716e+00,-1.824518567704476268e+01,1.408181352022864274e+01
-1.889326636219205469e+01,-1.646266519935261741e+01,-1.734881037359836498e+01
-3.471763779649900350e+00,-1.949279235066219940e+01,1.776575292314666399e+01
-3.007682486776384501e+00,-1.887517623486312246e+01,1.515442980994188460e+01
-1.054400934394372591e+01,-1.802064475403366828e+01,2.107004590071080230e+01
-8.814763187336504657e+00,-2.018221472718520104e+01,1.633775629191202938e+01
-5.907281417647618049e+00,-1.906080033941421092e+01,1.580670579631602024e+01
-1.214559369013425538e+01,6.815245844699495237e+00,4.562885189203652381e+00
-2.488162013665897732e+01,-1.681001649273451548e+01,-1.876352260681529316e+01
-2.059135649716231597e+01,-2.080664145720642821e+01,-1.458411179334841634e+01
2.352878147459546199e+01,-1.513122786043939172e+01,-3.300686514315486431e+00
1.881033912221638360e+01,-1.205020899999980877e+01,-5.633277881533188536e-01
1.916488535584406705e+01,-1.448813371302095554e+01,2.547053867329704069e+00
1.728399519486137592e+01,-1.345225976462128514e+01,-7.629096529369128188e-02
-1.786776598461221255e+01,-1.079873479981804962e+01,-1.674434450374246452e+01
-1.198606552359410315e+01,-1.846900963929156703e+01,1.569998257270292896e+01
1.899877000238445390e+01,-9.433783075123843176e+00,2.346414623513255471e+00
-1.397866816203821028e-01,1.303846400416978568e+01,3.579259623537781376e+00
1.989596234502170802e+01,-8.390030394658243296e+00,-3.761590344145075981e+00
-4.115377940004705692e+00,-1.926789030542307302e+01,1.577874122581991578e+01
2.003335347962470081e+01,-8.682128428058845770e+00,-1.683525328060362591e+00
1.958633924054306874e+01,-1.236033229761915919e+01,-7.511330175458875047e+00
1.935193421758323851e+01,-9.713395227207993088e+00,-4.238941643106276302e+00
1.563246428515368081e+01,-1.254839266465981495e+01,2.275369473151187538e-01
-6.887263102720888597e+00,-1.712567315282404579e+01,1.685624166915751587e+01
-7.685983431575733604e+00,-1.739858857845803897e+01,1.905420054467302649e+01
2.146784116416820609e+01,-9.401083388460646617e+00,6.033198919247316994e+00
-6.992046681785731188e+00,-1.780956731938000814e+01,1.883151478687447877e+01
-2.159619449831473048e+01,-1.545982749527887989e+01,-2.221745479802271817e+01
4.003132828876337923e-01,1.838360210937221240e+01,3.512588171129553682e+00
1.922049327263168550e+01,-1.337482058685634989e+01,-1.605849472193543459e+00
-3.195020049267506934e+00,-2.073839922757237275e+01,1.972157615633172512e+01
-1.802910881810969457e+01,-1.478000982124293472e+01,-1.835594597340803347e+01
-1.597801647433572114e+01,5.125830752336689500e+00,1.660800331646408168e+00
-9.978931500289684564e+00,-1.871728982448414058e+01,1.825930277441712590e+01
1.981342758538863791e+01,-9.115042664915781856e+00,-7.374156807175054062e-01
-1.469619118734429541e+01,5.015044533344281241e+00,5.187614939261173674e+00
-5.088255579304554743e+00,-1.849943197464435585e+01,1.799295596503400674e+01
1.702491229593861632e+01,-1.519504075705072488e+01,-6.308669494762202845e+00
-2.192176775410494471e+01,-9.643506506863641192e+00,-1.202030371598288561e+01
-2.410180895966047032e+01,-1.804665264451647744e+01,-1.766334927820839340e+01
-2.890613833031762336e+00,1.248931874571252720e+01,3.318124514289110927e+00
1.855303363170105868e+01,-1.590575403754583306e+01,-1.142788101366962472e+01
1.745160547108973148e+01,-1.099152232663763407e+01,-1.937085532107712282e+00
1.942565109283344782e+01,-8.604257484085289676e+00,-3.447558454376613568e+00
1.733143126842200488e+01,-8.626357172964352671e+00,5.453300054469393032e+00
1.892916135554891355e+01,-3.542208866686926250e+00,-4.678890666814442767e+00
-6.951254104568203473e+00,-1.987210927542358618e+01,1.511969521202018996e+01
1.836063492719271650e+01,-1.015126699772650376e+01,-6.510532859901082325e+00
-1.011051476376747793e+01,-1.833746886206762738e+01,1.756818725748484056e+01
2.134569612369261904e+01,-9.787639679101301837e+00,-4.292861371986825603e+00
-2.243785904560351696e+01,-1.096815999021668908e+01,-1.480526460822766310e+01
-1.347912712626864362e+01,6.905644893323987787e+00,5.989277963803228744e+00
-1.865509754912256568e+01,-1.857538719251821036e+01,-2.063374098824382941e+01
-1.289495012407323671e+01,-1.653142644372342573e+01,1.850917390430532805e+01
-1.760135314830833408e+01,2.121259571804058996e+00,1.167664575368544622e+00
-2.211005703716077164e+01,-1.952750743451326798e+01,-1.691604806959056262e+01
-9.696960721688473228e+00,-1.758298087437723467e+01,-1.931548484204579452e+01
-2.046279661339915990e+01,-1.463368941724484884e+01,-1.697989624546970688e+01
-1.223689912593195750e+01,-1.982813123805679822e+01,1.924067181629578727e+01
-1.923039556111907800e+01,-1.041526176413668736e+01,-1.953112862032377706e+01
-9.413999924221204907e+00,-1.725957397502410373e+01,1.735103085835599401e+01
-1.104026477107808546e+01,-1.841009534504560463e+01,1.991379292218372044e+01
-1.343846833045572353e+01,7.323941051397606650e+00,3.581776675602990512e+00
1.863360418518241701e+01,-1.274808918223532217e+01,-2.837669382023231712e+00
2.206129137708239085e+01,-1.129893569699743772e+01,1.731655832975976583e+00
-7.548864886353217507e+00,-1.959790142963884207e+01,1.886874122448444524e+01
1.838203646199623975e+01,-1.527425493017104330e+01,-1.591797045412937539e+00
1.750536935920684201e+01,-1.045190541513593097e+01,-4.085863246917719849e+00
-1.860737266595004513e+01,-1.814433938109377920e+01,-1.037253362790175260e+01
1.775288897274440458e+01,-1.271181948402686146e+01,9.527643734143409482e-02
-6.302090836931077966e+00,-1.983514862246224553e+01,1.425762061865719055e+01
2.877893941273037548e-01,1.713473056299505259e+01,-1.679143961214124126e+00
-1.591421600872573094e+01,-1.894268196734703125e+01,-1.309153912104811113e+01
-2.148915446257398898e+01,-9.843134120560371514e+00,-1.930431130603043144e+01
-1.085553253963887066e+01,3.538407031666260139e+00,9.997435575492490401e-01
2.870216022913980591e+00,2.038653733502916765e+01,4.148179171590334668e+00
1.965665805151687806e+01,-1.112013719699334047e+01,-6.138780023820168630e+00
-2.049309988696576212e+01,-1.659621673045311141e+01,-1.612094230256619198e+01
-1.798274487393380383e+01,-1.150741655176867617e+01,-1.634668462433423386e+01
-1.570139909649997989e+01,-1.593552913241471458e+01,-1.503002204692374555e+01
-5.194414675265973003e+00,1.519881335390928712e+01,5.922457168649014392e+00
-1.810533783658770446e+01,-1.181715954325887807e+01,-1.803195429723360377e+01
-5.998722928224066386e+00,-1.662950532121129044e+01,1.964235009343861549e+01
-2.098226733425165591e+01,-1.703954129672642281e+01,-1.452159078386197422e+01
-1.062869511925114097e+01,-1.922996392065084237e+01,1.971208144367210480e+01
-1.205544819283480251e+01,-1.771775114590083788e+01,1.799871058336198004e+01
-1.659101474043843893e+01,-1.857322376576830436e+01,-1.725140356479860415e+01
2.124335167110132616e+01,-8.832016372137470483e+00,-2.831100726432135062e+00
2.033234480366045460e+01,-1.298021419392797071e+01,-1.419604816442155748e+00
-7.722559535383854978e-01,1.950934655123864303e+01,2.327053069883141756e+00
-1.050308384403028228e+01,2.048588407875368222e+00,7.036187953225018887e+00
-2.084189080914326553e+01,-1.132115329602531872e+01,-2.491897312055579050e+01
-1.979593448519099042e+01,1.164537916788853433e+00,1.496426770613780377e+00
-4.980855426204565894e+00,-1.843265629486052148e+01,2.009382031442234151e+01
-1.916998956725933922e+01,-1.084859833095861603e+01,-1.043553450823161377e+01
2.029934091423622888e+01,-1.529840952633396256e+01,5.623723723545892561e-02
-2.086610793110824602e+01,-1.537097446657332789e+01,-1.046603895951915320e+01
2.109158702265820651e+01,-7.451265804818527627e+00,1.848913506950129904e+00
-9.255719943770023050e+00,-1.802455612512408578e+01,1.943496480026367124e+01
-2.574988658428630117e+00,1.065288165622861882e+01,2.499150804969498374e+00
-2.260293040982196544e+01,-1.496365552970495827e+01,-1.301787042708077280e+01
-1.424279326749139596e+00,1.339445089509982445e+01,5.848859104923928243e+00
-1.087025513533625443e+01,-1.929942884350568377e+01,1.767727532787431599e+01
-1.632338413937051769e+01,-2.095459149865230586e+01,-1.849583181493548523e+01
-7.216944465536364817e+00,-1.814048102194200496e+01,1.962088238652544803e+01
-1.996420202947614086e+01,-1.768416691901098403e+01,-1.338881320680923892e+01
-2.315160583252045257e+01,-1.791908025398998205e+01,-1.443842305663740078e+01
3.245922076841555315e-01,1.278819337555155222e+01,3.710976395929168170e+00
-1.064209592584807851e+01,-2.059410683559054078e+01,1.899117165177278466e+01
-6.131309367383537712e+00,-1.900946659654647064e+01,1.612864816156531234e+01
2.129940717701345676e+01,-1.299308178139734871e+01,3.333115394421409583e+00
-1.524170615773389414e+01,3.084913995138289344e+00,4.822853254172982496e+00
-1.734999515212263788e+01,1.251620223049900282e+00,2.865094809724298752e+00
1.834039371180265476e+01,-1.008518015342610319e+01,5.771880573945791237e-01
-1.677717039389844444e+01,-1.926535504344802163e+01,-1.422553067493462287e+01
1.824280101514071362e+01,-6.407817722998851551e+00,1.840230449129094392e-01
1.891380876036788550e+01,-1.408497738715735181e+01,-1.865947941600481386e+00
-7.166414864485169289e+00,2.045697780500416840e+01,-7.437823353796431114e-01
-6.995296317949279974e+00,-1.955679326140151275e+01,2.048855414784630824e+01
-1.881288945815209335e+00,1.344453620609957056e+01,3.632935501104386677e+00
-1.421581088842153662e+01,5.841167901511536975e+00,5.390228041794880021e+00
1.609525442399620809e-01,1.607254010502912678e+01,-2.001774791794442621e+00
-2.043855658213355753e+01,-1.899544656812282994e+01,-1.674206435079931055e+01
-1.887617369674602230e+01,-1.187785718487149467e+01,-1.521822338083966386e+01
-1.952371149934012351e+01,-1.565132510786434494e+01,-2.024305783793479208e+01
-2.062536058955392093e+01,-2.596980006500964677e+01,-1.419961833592887501e+01
-2.039161270162552242e+01,-1.628825537799302126e+01,-1.593806782656647236e+01
-7.747129208406792422e+00,-2.001678878173879639e+01,1.882678875897364534e+01
1.808073152312611853e+01,-1.086239589076876122e+01,-7.202361591726901269e-01
1.994982688622365430e+01,-1.376942427438150673e+01,2.325744900101686330e+00
-1.693091534678953991e+01,5.251129203178205529e+00,1.669909347092948693e+00
4.277591054347955613e+00,1.631253944390108757e+01,-1.214962213263221180e+00
-2.343379272683143810e+01,-1.881297383915670807e+01,-1.289809612465282029e+01
7.386541151143048545e+00,1.983135940654334561e+01,-3.506962813997630768e+00
-1.370730305866936050e+01,-1.672859260049602881e+01,1.844916134983139600e+01
2.170870242051912413e+01,-6.588145523290306116e+00,9.264686833081909878e-01
1.988127125564527020e+01,-1.597702240784114558e+01,-1.581269598015072386e+00
-7.382484752577319398e+00,-1.560854864981991419e+01,1.966895153486781922e+01
-2.587709424177285200e+01,-1.678586652977819327e+01,-1.905658527076290198e+01
1.910520590902342875e+01,-1.060757413918737946e+01,-3.643286255148169062e+00
-1.970647169004736199e+01,-1.963948460862489398e+01,-1.469991578176577818e+01
2.039118740984680045e+01,-1.141108278515455332e+01,-1.153256042801267789e+01
-1.009469538106810660e+01,-1.729676238670144528e+01,1.523000914713321841e+01
-1.185307116048538667e+01,-1.918625561383746359e+01,2.036990891577981699e+01
2.104098080829276185e+00,1.764587562564563683e+01,1.514194714528998897e+00
1.922105810675698834e+01,-1.197493781288265957e+01,-1.838457754639335473e+00
1.849495018079488773e+01,-8.905619213626358999e+00,9.814483138882674762e-01
-7.487600121030665079e+00,-2.022668398013723490e+01,1.962569814425126680e+01
-1.779240409362898490e+01,-2.230839425215265592e+01,-1.946687157798958268e+01
-1.283153943079099157e+01,4.536316296790740665e+00,3.549757113419168331e+00
1.868543800061153703e+01,-1.195191719132721886e+01,1.280331949827981930e+00
-3.872567983965269356e-01,2.256687670755068709e+01,4.337581105067624065e+00
-7.784191770266293275e+00,-2.057892584981474826e+01,2.106221646629184363e+01
-4.689749285541140011e+00,-2.076205933146747995e+01,1.932085440446106617e+01
1.764881438173710393e+01,-1.251267912369414148e+01,7.038447989279423833e-01
2.035111846365851562e+01,-5.530049193917380812e+00,-4.104421932423811370e+00
-5.402854562282660922e+00,-2.039962527273678106e+01,1.812572524123203976e+01
-1.503420658220966644e+01,2.922379612120020731e+00,4.922921306676592224e+00
1.693768238698293160e+01,-1.378190826779341727e+01,3.461472572166601758e+00
-8.081671683991512367e+00,-1.726531357697327351e+01,1.690531460514395690e+01
1.940626464040364851e+01,-7.238350817897275746e+00,-4.913099592148192363e-01
1.757582760948185907e+01,-1.000590549175356259e+01,-4.342530136169820310e+00
-1.365710050027118250e+01,2.794599855384704234e+00,3.921540987719154714e+00
1.732887241515228283e+01,-1.089818789377422092e+01,9.338773225098613295e-01
-7.300405805368934686e+00,-1.960220476752343899e+01,1.473185174234876094e+01
-2.089829125295969803e+01,-1.882688999516258477e+01,-1.694796060136960492e+01
1.892393286375147810e+01,-9.262944370202584210e+00,-4.245643836638042679e+00
-1.438917031233655131e+01,5.981677724979506117e+00,2.499135524816530562e+00
-7.711643172068466612e+00,-1.810405078438545345e+01,1.504555096282798132e+01
-1.920043216743747649e+01,-1.640943896406861313e+01,-1.876979625665313023e+01
-1.813814614461707109e+01,-2.108847146864691169e+01,-1.383368269385550420e+01
-2.543968207939243342e+01,-1.345997219590439542e+01,-1.245988270567759315e+01
1.780266099817708891e+01,-8.773174208315150935e+00,-3.121927813411823571e+00
-7.954664585695574885e+00,-1.945840015213631702e+01,1.906521952967920086e+01
1.847754199599889446e+01,-7.503289233736486707e+00,-3.041925714680648429e+00
2.274580693510166896e+01,-1.379033539853582369e+01,1.776307185816805578e-01
-4.066967280177970601e+00,-1.899353422615164888e+01,1.762918979824470966e+01
-2.020957415039627847e+01,-1.800937199843573566e+01,-2.043127921268061442e+01
-1.951153688438921119e+00,1.159327825988916771e+01,6.849924231703910849e+00
-2.155827143762837039e+01,-1.844760515417753055e+01,-2.080335137252928490e+01
1.807347187706056246e+01,-7.189961625714968108e+00,-2.358330585450615580e+00
1.915512596833488956e+01,-1.348666028080666024e+01,2.869094453487386343e+00
-1.243301290445702456e+01,2.730871672729939803e+00,3.317539584696834076e+00
-6.241856006179768102e+00,-1.669650620367351124e+01,1.762525612664350660e+01
2.287811268497554806e+01,-9.908149007957520737e+00,7.230637169825346877e-01
2.056555003328763220e+01,-1.114352984200746022e+01,-5.244700461201964536e+00
-1.140248036883096283e+01,-1.844659563159357774e+01,1.950728212882677681e+01
1.987232466361087191e+01,-1.587722306698629282e+01,4.295511070028193323e+00
-1.575508819850137954e+01,6.591168735935649892e+00,-7.986375842563564476e-02
-5.419751221921201179e+00,1.444221811623615181e+01,6.796857805591260515e+00
-2.090493743366428703e+01,-1.010072277241452454e+01,-2.115576245635932651e+01
-2.075950794068013305e+00,1.699511030475339624e+01,5.799763347420434201e+00
2.119470413412018672e+01,-1.626562589550259474e+01,-5.179515137144493409e+00
1.632030067437524323e+01,-8.489117680916937303e+00,1.929862094981245502e+00
-2.425152877742760182e+01,-1.400225489311880622e+01,-1.136911028371888932e+01
-1.761100216827235343e+01,-1.704637488551332325e+01,-1.565613670091151732e+01
-2.288561470353457850e+01,-1.444050526768544174e+01,-2.062839198219437264e+01
-1.253948092016507232e+01,7.677763199741445277e-01,1.520609413590201964e+00
-1.527107569837495049e+01,3.672017422583824242e+00,4.490243222391520739e+00
-2.347467410937789989e+00,1.300340205983608044e+01,3.454421227110032078e+00
-1.421441346602516198e+01,5.284769915884799829e+00,3.443292077559750197e+00
1.925748230186181331e+01,-1.709380287602528625e+01,-1.871492287453883741e+00
-1.807091982417868792e+01,1.673807343622435884e+00,2.864991110020967735e+00
1.814433460115701635e+01,-1.360733639335275136e+01,-3.619955104248897548e+00
-1.862398391820700638e+01,-1.881226671097110881e+01,-1.263109151527784846e+01
-8.974866099510276030e+00,-1.799575024961426095e+01,1.749437880229671194e+01
-2.159137963549405725e+01,-2.022490343559405446e+01,-1.954783333471408113e+01
-1.837000498659621428e+01,-1.724539964691398808e+01,-1.588288247872959680e+01
-7.963677634091393287e+00,-1.840273058308524057e+01,1.735462356015824170e+01
-2.005256315163221359e+01,-1.529441535341646485e+01,-1.541004670464527671e+01
-2.188674229613826228e+01,-1.173814129498216374e+01,-1.304815056623468372e+01
-2.044071517859452669e+01,-2.011282082611423760e+01,-1.983382557698474358e+01
-5.788634466652131660e-01,1.208061436273622036e+01,3.200508243634800465e+00
-8.348585698724045656e+00,-1.739493681177717832e+01,1.918641159386169903e+01
-2.069150331779573904e+01,-1.484230901499343602e+01,-1.563670011351148048e+01
-1.406095026866802478e+01,-1.868359774081253022e+01,1.976114451654168036e+01
-1.998792990156407967e+01,-2.013899887406261513e+01,-1.651689493525264041e+01
-1.013499333786442058e+01,-2.025073831620089138e+01,1.721206760742317599e+01
-1.384137112915165879e+01,4.196474185278799673e+00,4.930624638077961031e+00
-1.783489237054211074e+01,-1.761064715297201744e+01,-1.580200844601610477e+01
-8.155634229572125804e+00,-1.728002813700673457e+01,1.820078863700027583e+01
-1.559862370874861348e+01,-1.865833035603714762e+01,-1.471298706626851782e+01
8.715838074024144788e+00,1.740528466634708238e+01,1.430219835814750429e+00
1.695322599671228403e+01,-1.161639396376573963e+01,-7.176130858860966910e+00
-9.262068977207082554e+00,-1.689750662882918064e+01,1.729990356721514644e+01
-1.834300244570392735e+01,-1.486128549362491569e+01,-1.377320619956646475e+01
-6.576493513467465135e+00,-1.974861461772394122e+01,2.063064580902991096e+01
1.957469445427254229e+01,-1.480200687871803922e+01,-3.281015082810438077e+00
-8.923013887626970231e+00,-1.820155185087287819e+01,1.827008258619251535e+01
1.621439716594160529e+01,-5.952553102479433811e+00,-1.879753178674926195e+00
1.848998740558983300e+01,-1.485024535940595491e+01,-5.934064660781459999e+00
1.593400681026841603e+01,-9.677545235709228422e+00,-1.270434166194208903e+00
-2.795361281817934085e+00,2.163867014560633351e+01,5.207068031426100418e+00
-3.610689165519543664e+00,-2.042189519247724760e+01,1.901716851582327905e+01
-8.996146597758800212e+00,-1.807694702590901059e+01,1.891258079219960209e+01
-1.213255803537065880e+01,4.413432457012858912e+00,3.191782639453973225e+00
1.894582246257950908e-01,1.616381810920787743e+01,1.476337638844442024e+00
1.494164073912835899e+00,1.032024630640221652e+01,2.399553458765266711e+00
-2.050648159603941068e+01,-1.512840347198443425e+01,-1.542475052582302375e+01
-1.335372277899689664e+01,-1.747791682952489367e+01,-2.170509363138803849e+01
-1.153188849660977944e+01,-1.726572502659596964e+01,1.586772030222288521e+01
4.382525856796620545e+00,1.700103916949692362e+01,6.802199026913433144e+00
1.892338137326925462e+01,-8.567496192534289179e+00,2.146298212791970972e+00
1.611727096358054112e+01,-1.237556521544743227e+01,5.221155094746163794e-01
-2.095227232891934221e+01,-1.907346745910728458e+01,-1.628846484265652350e+01
3.204096791917810272e+00,1.281780168798673536e+01,7.172844194213479518e+00
2.038063728375388450e+01,-1.389157842386646813e+01,-1.859904059058917980e+00
2.078236398621826098e+01,-1.341717989260826549e+01,-2.484723395039535099e+00
-2.267657447638189083e+01,-2.596619936320500699e+01,-1.967327180222845229e+01
1.943408748543247455e+01,-1.198255718996223607e+01,-4.068474582665976946e+00
-7.528640111698336135e+00,-1.968098325681176419e+01,1.712084995256554976e+01
-1.613059094022361961e+01,-2.037593348902154133e+01,-1.563400504996760176e+01
-7.191377417845973063e+00,-2.059600553471744178e+01,2.142189221608154881e+01
-1.558570830981065214e+01,4.383794915048758511e+00,1.182275706332233778e+00
-1.772958531040436370e+01,-1.341414602296447889e+01,-1.747787763854889675e+01
-1.954880540523017274e+01,-1.687402371469259066e+01,-1.942756616356379951e+01
3.168658647186271438e+00,1.857688474808005452e+01,1.797040225231903321e+00
-1.524693900637081079e+01,4.160120482546012077e+00,3.336933605983837037e+00
2.028255705304357903e+01,-8.774156129249615077e+00,-3.535586559717647237e+00
-2.020352124653699022e+01,-1.815758668435085355e+01,-1.798673925856131817e+01
2.066971511271441742e+01,-1.026817040955404181e+01,-4.263890962622639336e+00
-1.030665221595198844e+01,-2.090443365307495327e+01,1.682180184528536060e+01
-1.037878779041247412e+01,-1.727416191164436654e+01,1.817404792591865004e+01
-8.785657906487678304e+00,-1.789714046144933945e+01,1.607315325127921213e+01
-1.436820347697998379e+01,3.070477019354553860e+00,-1.237031380320279261e+00
1.911756691234762329e+01,-9.752591048825152598e+00,-4.109292325067062102e-01
-1.267574947999202095e+01,5.154400148654257663e+00,3.935801682644681332e+00
-1.114583908038132520e+01,2.096119633078175060e+00,2.680124870278502769e+00
-2.120496019485393546e+01,-1.704594215401045432e+01,-2.454385699937052578e+01
-7.105984080987772344e+00,-1.910920076528003264e+01,1.966371000361320753e+01
1.040796958888726742e+01,1.643150440609250396e+01,2.319041720128256490e+00
-7.376915446487077865e+00,-1.988578915640146150e+01,1.889778511705462805e+01
1.758811653744612613e+01,-1.499806333686446891e+01,2.871510613893659691e+00
-9.336834019849669986e+00,-1.979678869565871580e+01,2.217917462277803153e+01
1.568417329920857739e+01,-1.133837547335954810e+01,-1.423960762229578902e+00
-1.131583821948010460e+01,-2.052242734752622155e+01,2.203067337715327767e+01
-1.256333610527813338e-01,1.706597013673755825e+01,2.371593862536756081e+00
-1.109856253958733596e+01,-1.618351696249142080e+01,1.736527884160835100e+01
-9.754487204071216055e+00,-1.879463256026361151e+01,1.798875936210299997e+01
1.920264387033279618e+01,-1.426667673011829862e+01,-7.302032636004690325e+00
2.018996117652219624e+01,-1.270021404550137056e+01,-7.899744832485685819e+00
-5.204230629118218321e-01,1.378531810540330227e+01,2.005615978356679374e+00
7.107941707649954921e+00,1.523033689576936744e+01,2.543494324444144805e+00
1.429188306706611300e+01,-1.255772725059671657e+01,5.760963837297185641e+00
2.232842256298054551e+00,1.678089492862806864e+01,3.215257648963981474e+00
-1.946713204477043035e+01,-2.008124587917965442e+01,-2.529168775828364346e+01
-1.533092868889128546e+01,5.584759960051043137e+00,1.681066324910533538e+00
-1.808147104307645492e+01,-1.367586736861411367e+01,-1.723520601758428228e+01
-2.421020641999029266e+01,-1.620492405180039341e+01,-2.419322795529391712e+01
-1.954264210280650005e+01,-1.355118947042612021e+01,-1.952210111898397571e+01
-2.196060065666095440e+01,-1.301438494257138956e+01,-1.855864173393167960e+01
1.929882805857496919e+01,-1.032877301326266739e+01,-3.618399749146203881e+00
-2.227336323133047813e+01,-2.025732791441926040e+01,-1.244914384524615159e+01
1.428551583551286530e+00,1.275559237868705686e+01,1.081226572694237831e+00
-2.951941664487148564e+00,-1.699063453002179713e+01,1.841469978276969499e+01
1.038854477597105141e+00,1.529066419086887940e+01,4.756829164433453272e+00
3.597739874357549272e+00,2.026911876360255249e+01,2.777896178363241653e+00
-2.394383890298017548e+01,-2.010064126143404195e+01,-1.948838645338788211e+01
-6.082380776756520113e+00,9.903849945304891378e+00,4.151640045134280754e+00
-1.877283475340178143e+01,-1.968624120046895598e+01,-1.096839166977029834e+01
1.939532560842788556e+01,-9.547324928982312997e+00,2.306738894113021576e+00
-6.320525533706065069e-01,1.281048841021457640e+01,7.986169051828335697e-01
1.923071846516358008e+01,-1.046574252658043847e+01,-3.015027482178636919e+00
-9.519984452201061487e+00,-1.812662592184775789e+01,1.725859205031118648e+01
-7.957280747506052521e+00,-2.072157743364559934e+01,1.875513498466150608e+01
1.889639778839002915e+01,-1.034962205502172239e+01,-3.696297094450564202e+00
2.030374485160495013e+01,-1.065861933942187711e+01,2.312750942118666497e+00
2.004435647370937090e+01,-1.110661857660625884e+01,-1.273293100300695091e+00
-2.427131545959097991e+01,-2.330794805851777340e+01,-1.575507468655310106e+01
1.632300910982097975e+01,-1.433607265560815058e+01,1.574047899544168239e+00
-2.143550212254186604e+01,-2.029705629916509224e+01,-1.460487855460293716e+01
-1.186704150812485281e+01,4.744393087216193905e+00,4.564934105723182256e+00
1.592236333826298811e+01,-1.391179195301255156e+01,-4.747150619232523461e+00
2.058682402886912755e+01,-1.148464342919182002e+01,-5.123584799781967902e+00
-1.467818648654628078e+01,-1.699561650987520878e+01,-1.574359777318102793e+01
4.471641834163127882e+00,1.245486208755975888e+01,3.756598448282830738e+00
-1.731261988193731938e+01,4.569918340422913339e+00,4.138264759194865583e+00
-1.961696931235894326e+01,-1.886115285007557674e+01,-2.217642132421375223e+01
-1.233778863779707535e+01,-1.809439973363959808e+01,1.911846446227676921e+01
-1.528790829671911666e+01,2.902618068538049823e+00,8.273393177438414625e+00
-2.203755495997440761e+01,-1.479738035287052789e+01,-1.409780467108563684e+01
-2.299672608865441958e+01,-2.368226014540432800e+01,-1.557874420995038811e+01
-5.439683529642465487e+00,-1.870459323638634075e+01,2.270353863282097606e+01
2.174591425452171833e+01,-1.243963823743338715e+01,5.744188341942608744e-01
1.900502780796578151e+01,-1.316479088699474431e+01,7.217080820076497982e-01
6.388706552480071243e-01,1.622096068431318727e+01,1.791938778079091854e+00
-7.053950142600668549e+00,-1.867040774079869792e+01,1.822829985074762860e+01
1.976498107395349990e+01,-1.138580061041402303e+01,-3.212721577375932114e+00
-1.171412656120770102e+01,-1.953062782529235264e+01,1.900323024768781011e+01
3.753696086033341039e+00,1.664930088476569381e+01,1.822311412659411101e+00
1.944998021545189104e+01,-1.071410701067640758e+01,-3.332904478721689934e-01
-1.045353106917414010e+00,1.943315448794560041e+01,1.178714286326576932e+00
2.395121830305247812e+01,-1.176856358308232231e+01,-4.029983099870678487e+00
-1.424439375628185367e+01,5.363327176825207765e+00,4.056019241207143189e+00
-1.127259195665065405e+01,4.152280916232665042e+00,5.165606941396863050e+00
-6.122038991350534864e+00,-1.982454573589504676e+01,1.687038331236656674e+01
1.842382713058636057e+01,-1.027525756187313277e+01,-9.318579683077629738e+00
-1.849109364311137327e+01,-1.751601188071710169e+01,-1.905545671221899795e+01
-6.019637561523051517e+00,-1.687204675188287339e+01,1.884958373668046860e+01
1.701991781354998068e+01,-7.868567424317653547e+00,-2.386561717569803509e+00
-9.114833776323782999e+00,-2.074644738621694984e+01,1.741305748917144669e+01
-1.140451352726583600e+01,4.253957229855656941e+00,3.119119607852645082e+00
-2.131014115522579999e+01,-1.533201009272220361e+01,-1.972110700772467951e+01
4.229615903328381776e+00,2.012793002148292132e+01,3.252701348553901806e+00
-8.548484208968362807e+00,-1.772191953624913552e+01,1.705934917940299300e+01
-1.779492934527908332e+01,-1.526124116024485566e+01,-1.243245926487406194e+01
-1.628393985830796709e+01,-1.653537402765578790e+01,-1.953525841892276560e+01
-1.704951668042787105e+01,-1.659285740852666891e+01,-1.493713205977673653e+01
-6.694530436192003719e+00,-1.788318095891369808e+01,1.647794983231212740e+01
-2.033543323532662939e+01,-1.537294591498792151e+01,-9.720540205479430540e+00
-2.017126842077898985e+01,-1.857117597630116990e+01,-1.686129703842198069e+01
-2.060919672076187226e+01,-1.302837497219034368e+01,-1.489646655169241107e+01
-1.090113832772136249e+01,-2.108658001755609135e+01,1.474665710319408696e+01
-1.828208585438324008e+01,-1.196512540206319564e+01,-1.975363443408227226e+01
1.946574386932663003e+01,-1.205300509691968358e+01,-2.602406910960781694e+00
1.544642029307179065e+01,-1.012981976768399939e+01,-3.155973042832432185e+00
-2.267037761376097471e+00,1.764861030850394741e+01,2.597988042181335278e+00
-5.740330458448466899e+00,-1.726121933837817224e+01,2.026061833392925138e+01
-1.417849022881755872e+01,-1.994641716914094332e+01,2.162846580197288660e+01
-2.248107581627823492e+01,-1.940140175118976629e+01,-1.655593428392915101e+01
3.882386221303228968e+00,1.459513399172250914e+01,4.434167041376949392e+00
-1.056290762614658973e+01,-1.890443060547912069e+01,1.996261517509658390e+01
-4.844613041665857267e+00,-1.901974930096020344e+01,2.121508761249742037e+01
-1.545455002748584938e+01,-2.023121270065242427e+01,-1.234889334286199869e+01
-1.391191036075079168e+01,-1.703739393836967508e+01,2.066985457249676372e+01
-1.896416851054360819e+01,-1.960524331381455454e+01,-1.725694676133780803e+01
-1.277421128034788111e+01,-1.970768703083622952e+01,2.049927301863641205e+01
-1.962838452046027626e+01,-1.399748912913228693e+01,-1.596204203812964906e+01
-1.553974665043112857e+01,-1.713375145366426722e+01,-1.526594491852131341e+01
2.517589107112020663e+00,2.202006104655426100e+01,-7.896995617548943081e-01
2.083646160347215215e+01,-9.488441155872653354e+00,-6.706951697049127858e+00
-2.039929069139317264e+01,-1.139482499126958714e+01,-1.210843396023568275e+01
-9.776322046959123213e+00,-2.163627663770517273e+01,1.628148927218796516e+01
-7.062478332685722116e+00,-1.640893275479352553e+01,1.858501225294387993e+01
-2.065038958054124052e+01,-2.009922581017933396e+01,-1.865313807574973382e+01
1.929387801937986779e+01,-9.858390230195697157e+00,-4.234105848964311303e-01
1.709839110038301868e+01,-6.515983845328446655e+00,-7.623488546181840242e-01
2.130799869944825176e+01,-1.096045228528015336e+01,-5.551425472088644675e+00
-7.537821957035651721e+00,-1.670488253433194359e+01,1.743850019405108043e+01
-1.764589635226771591e+01,-1.912101363481954408e+01,-2.101992388637009768e+01
-2.158930714632585790e+01,-1.722319415120432851e+01,-1.667580871755823324e+01
2.096255769660781354e+01,-1.098468965917850149e+01,-5.417782924590068827e-01
1.950004873694756924e+01,-1.180963117823129060e+01,5.054802606220637706e+00
-2.470674354699472275e+01,-1.625888825481953859e+01,-1.893752188209205300e+01
-1.757365594351662708e+01,-1.930848499029216470e+01,-1.275618078156976765e+01
-1.920224952852870715e+01,-1.772783821654115499e+01,-7.904593345223222656e+00
-9.122949140478283425e+00,-1.714477258844059193e+01,1.899857078363924856e+01
2.074340589181778327e+01,-9.279400652756084611e+00,-2.400493652325939919e+00
1.877110785943332871e+01,-1.129585845068716132e+01,-4.925462198909757561e+00
-1.747643915904362544e+01,-1.989823149188700313e+01,-2.165510297893604275e+01
1.974149562985844497e+01,-1.016805531766172699e+01,-7.186448308395696483e-01
-1.570779040754471723e+01,4.356451147541675617e+00,3.375148745470071709e+00
2.517561285182058572e+00,1.468246539485154045e+01,1.394359624940662457e+00
-9.519513153454447263e+00,-2.029751007650814287e+01,1.716387977341853244e+01
-1.390067133527590748e+01,5.653544517503216404e+00,3.478205857409519375e+00
1.826343914360785092e+01,-1.358222766972269113e+01,-1.873864505008783876e+00
1.709209767876854258e+01,-9.802808340907562368e+00,4.141418900756896448e+00
-5.788319397313232528e+00,-2.088612383271903639e+01,1.973600699788744350e+01
-7.953485340978154738e+00,-1.933545500179349119e+01,1.866499866464178581e+01
-1.733427396180928426e+01,-1.382611044668408340e+01,-1.819073162759188378e+01
-1.247272018580212638e+01,6.015843255857037164e+00,4.720609060872062557e+00
1.860691526383490002e-01,1.515321532727716303e+01,3.438045350379927534e+00
2.009663351376615026e+01,-1.282082372559604799e+01,-7.235723606483652759e-01
3.779401224377919366e+00,1.607680909573018013e+01,2.272349700365626113e+00
-2.070738516206375124e+01,-1.982673015875553446e+01,-2.222611615712960997e+01
-1.149134001925461135e+01,1.936072696926923520e+00,4.664980123595785955e+00
-1.279736285121518691e+01,-1.786789664354299489e+01,-1.340769068334954639e+01
-8.214908160681575922e+00,-1.759138933065921861e+01,1.910368891623219412e+01
-9.988231693532327427e+00,1.628525426211476113e+00,4.244762174496471197e+00
-9.529706879497359395e+00,-2.041321530215932967e+01,1.875648841526766830e+01
-2.140352595345553866e+01,-2.024721288606108516e+01,-1.538149942788539803e+01
-7.255991262333658653e+00,-1.966376095699078164e+01,1.856531935550663093e+01
-7.419853794648839873e+00,-1.840987924896099770e+01,2.077389640659459502e+01
-9.590821924881746341e+00,-2.029324330252223518e+01,1.839054641800755263e+01
-5.590371479948444744e+00,-1.905802359707859139e+01,1.999603850819309869e+01
2.105156237784661855e+01,-8.417644152575871175e+00,4.117270391297711551e-01
-5.540633069068976013e+00,-2.061326818879748046e+01,1.798960726856913439e+01
-3.068880785519673360e+00,-2.013281570784853258e+01,1.794288437337115028e+01
-1.196102420994738935e+01,4.954034600447114300e+00,7.238429643485716269e+00
-2.821442817467190167e-01,1.548042937989488799e+01,5.930165732187158589e+00
1.952929203897999955e+01,-1.365338548342332814e+01,4.629021668162528691e+00
2.899240963949037297e+00,1.714161219643158773e+01,3.209124841949986262e+00
-2.081471405143596698e+01,-1.062194260600453610e+01,-1.202984023036346173e+01
-2.665816840274657551e+01,-2.002198120048496222e+01,-1.609494400893364130e+01
-1.921918032404424892e+01,-2.244478260531242597e+01,-1.940959031849534000e+01
-2.149179279723837510e+01,-1.670497377776726111e+01,-2.315916341242595422e+01
1.915395807959472663e+01,-1.129352111839093276e+01,2.940351382012000858e-01
-1.811055426000549318e+01,-1.644473193097064723e+01,-1.790419241212690338e+01
1.849784462639078697e+01,-9.328475909559363899e+00,-2.128920519451400928e+00
-2.074959818543954881e+01,-2.081088048765062126e+01,-1.074158118107446391e+01
-1.036153379174186995e+01,-2.236686042417250420e+01,2.018563489792325072e+01
-7.210410772243623256e+00,-1.898818798675628017e+01,1.916367413590376145e+01
-7.884072004856554905e+00,-1.943980394330890249e+01,1.751833179212080438e+01
2.001080969985107316e+01,-8.533887433323254612e+00,-2.141576778725179597e+00
-1.367035644288075247e+01,2.303341824963356377e+00,7.098518652954846964e+00
1.725731649547745405e+01,-8.143694465066591448e+00,-5.922250391596267427e+00
2.146841336404354195e+01,-1.260981617001932520e+01,-2.020184470594008630e+00
-2.103528729590705382e+01,-1.855631222705573791e+01,-1.695657283090248768e+01
1.935210008611740662e+01,-1.108116655639840076e+01,-1.400754230411580536e-01
1.644134877434768427e+01,-1.083340268933818074e+01,2.575474728117098433e+00
-1.586940605607374977e+01,-2.101624750069599656e+01,-1.696713466546522042e+01
1.994841316960152966e+01,-1.014684331937120909e+01,-1.538002705976550644e+00
-1.981741341936213630e+01,-2.086944778980813098e+01,-2.592737716680628779e+01
-3.945605245233306135e+00,-1.784991028769060151e+01,1.721390909129105395e+01
-1.563516031471352896e+01,1.884717911953330827e+00,4.349194020811693484e+00
-2.152145212509612193e+01,-2.055346490258293102e+01,-1.091070910290160256e+01
-8.822478966098522335e+00,-1.987143149324840508e+01,1.694754847017573240e+01
-2.519989478150551410e+00,1.556729679192728000e+01,4.663666365761155674e+00
2.088772528373711879e+01,-1.722272515293431638e+01,-1.784445412685981447e+00
-2.749401502853627832e-01,1.307961318349626545e+01,3.371149662482921361e+00
-1.868305805467896263e+01,-1.488655425589981718e+01,-2.142333558769453816e+01
3.223603209616545229e+00,1.698091610811148655e+01,-2.189645864019388100e+00
-2.222276909527800015e+01,-1.449964790885427490e+01,-1.643312291216294341e+01
-2.311119537014715419e+01,-1.197683232420619603e+01,-2.040477219182064417e+01
1.768050983738312354e+01,-1.026671119838299084e+01,-5.763837194534951358e+00
-2.481731765851959892e+01,-1.938938915735559831e+01,-1.392888178893626261e+01
-1.123840153666675867e+01,-1.975562698536950990e+01,1.914871010148807073e+01
1.846325389733360467e+01,-1.097745068519112976e+01,-1.303968630898920011e+00
-1.692977131421324444e+01,-2.342926727030828715e+01,-1.235570206327082765e+01
-1.784999671416765299e+00,2.189413406984900945e+01,6.335617869646896771e-01
-1.528072068791081151e+01,4.104594272729664262e+00,2.409479721116462692e+00
-3.059711512988610771e+00,1.261903902320573323e+01,3.888855392428057556e+00
-2.519198751369886136e+00,1.014260528790777371e+01,5.745904528532277844e+00
-1.931380328104098254e+01,-1.486350560917080976e+01,-1.806168948637385085e+01
-1.300129653319446810e+01,4.694017115625646497e+00,6.660057547474997008e+00
-1.267354017593158844e+01,-1.903762394842927463e+01,1.893398041406114629e+01
4.862156352989362773e+00,1.263448463848703085e+01,4.702238805104931529e+00
1.919467780319065398e+01,-6.291684801152004347e+00,2.780810641969740260e+00
-3.287790122888095468e+00,-1.838472804052212339e+01,1.793709186700752412e+01
-1.242473823999167948e+01,-1.896396072073084227e+01,1.621058223783609975e+01
1.671895080930032407e+01,-9.270074177478866417e+00,1.885899805403858931e+00
2.028217988933188565e+01,-8.377365160026087665e+00,2.134175608749847797e+00
-5.740834612751994470e+00,-2.128816170109024242e+01,1.772318145601186856e+01
-1.771606456116675687e+01,7.032703218862759620e+00,3.147100320874547386e+00
-1.702775098465017578e+01,-1.470723402002401770e+01,-1.393204956085216395e+01
1.626069830271209327e+01,-1.207683121371740320e+01,7.713525406002883500e-01
-2.070475604502383149e+01,-1.650953075513679735e+01,-1.635487004239142550e+01
-4.175159907965081629e+00,-1.845566305034158816e+01,1.907769171417805865e+01
4.588946395036083814e+00,1.167883498298469647e+01,2.108629936389388337e+00
2.206583911340912696e+00,1.695553906149260825e+01,3.015405407641338353e+00
2.208310486341259349e+01,-1.012098901683112651e+01,-1.184183573040016757e+00
-1.120419326650145031e+01,6.186005428473556833e+00,7.062967122642834106e+00
2.213207574395273269e+00,1.389698229923670070e+01,6.143252736961182237e+00
-9.925930358828937372e+00,-1.761640953027186640e+01,1.989192401018468459e+01
-9.226101158815140479e+00,-2.115664377347726344e+01,1.842202253252143862e+01
2.025387052962093648e+01,-1.179899397163163854e+01,1.880869727270800151e+00
-4.499789866573845387e+00,-1.953009983376105296e+01,1.849871321945313696e+01
-2.028872295761016531e+01,-1.567922437680102732e+01,-1.387862686172957360e+01
-1.152050884635069927e+01,3.265103299978655116e+00,4.729296919013118661e+00
-1.352833655815747527e+01,-1.915665442325552092e+01,-1.371403829815307063e+01
-7.201299902634930028e-01,1.992872412690772421e+01,5.135470949971836063e+00
-1.047949188855459646e+01,-1.900436493862224197e+01,1.734571957930534225e+01
-1.121936114934447382e+01,3.892528086680878907e+00,8.266148289235757396e-01
-1.805990363088941564e+01,3.425747292494026652e+00,1.030059009347917609e+00
1.901507427812662243e+01,-1.254563631653729416e+01,1.457072790736225532e+00
-1.913699571946723665e+01,-1.148868209672592400e+01,-1.278973002894166200e+01
-1.595821325131602819e+01,-1.081134068432610817e+01,-1.221251178839532514e+01
5.439637596076599690e-01,1.646953939214838414e+01,7.855300403173002266e-01
2.194948320872257241e+01,-1.048443597637644586e+01,2.863728352620898754e+00
-7.237069151286308788e+00,-1.850465844931748904e+01,1.766208464633889363e+01
1.695126392733230603e+01,-4.139945552167906939e+00,-8.306136390466545283e-01
-2.009594132842837766e+01,-2.016822177142874750e+01,-1.482382717986141785e+01
-1.699978667411345512e+01,4.090474071901915032e+00,6.576112602734722756e+00
-8.400846128199724205e+00,-2.180149892417666280e+01,2.040071434880835355e+01
-6.102831152627232747e+00,-1.918866187556094616e+01,1.903451286171973678e+01
-1.772749946621818040e+01,-2.119265753343622549e+01,-1.559908394628294381e+01
-1.812531572610653541e+01,-2.127922372779650928e+01,-1.779873997305016076e+01
1.847207839640514493e+01,-1.162479311220036138e+01,-1.327223974335210332e+00
-9.125109764325987527e+00,-2.124779368002816327e+01,1.686711393824493044e+01
1.643184054822166473e+01,-5.113953590580300634e+00,1.104712522167351274e+00
-2.079649315549704980e+01,-1.738034916402355279e+01,-1.839756553169229747e+01
-1.275923972686519647e+01,-1.950758099220269415e+01,1.602660962697514435e+01
-9.358884253074142734e+00,-1.828969730342016575e+01,2.050739169014792296e+01
8.394753858571585292e-01,9.327088751945822764e+00,4.377435575397883305e+00
-2.491076037388900843e+01,-1.690303665992357551e+01,-1.329911620348478785e+01
-9.238119459744980944e+00,-1.923782685586397534e+01,1.923350669551474112e+01
-1.098401296277470429e+01,3.085784127401434151e+00,3.114130425053654339e+00
-1.976414958282591527e+01,-1.056850347206139595e+01,-1.841789851438038994e+01
-1.963489732733472692e+01,-1.849045408161079607e+01,-1.756821811068762074e+01
-1.881387069830098113e+01,-1.594683080664129804e+01,-2.476102320347573738e+01
-1.160972117836268858e+01,-1.947839654780640117e+01,1.350320374155412928e+01
-1.514506556598993825e+01,4.663198467702941663e+00,5.280373481019259962e+00
-1.351552002366221039e+01,2.039355986262116893e+00,1.112496516705745009e+00
-9.499202948876557251e-01,1.678711334642252950e+01,2.336097116098284410e+00
-1.553164100986085483e+00,2.195553972589219427e+01,6.863718158596418206e+00
2.065173962175361311e+01,-8.855317359788346110e+00,-3.550818420301472766e+00
1.961070051567882500e+00,1.668078807277307263e+01,2.448024323819577575e+00
-1.432573941942646378e+01,2.009268203725164348e+00,5.821020098728402203e-01
1.677749916677344899e+01,-1.128419240138796198e+01,1.496257875923408420e+00
-1.140480351734213471e+01,4.040723037878372281e+00,4.943298994050132400e+00
1.902574000486183081e+01,-1.921868991095695733e+01,-2.109835853170541897e-01
-2.313367506844212329e+01,-2.406296669888126871e+01,-1.627164810891554936e+01
-1.901424915710713393e+01,-1.503755020875312809e+01,-1.600617911520677694e+01
-1.952590859771144594e+01,-2.153376079691671663e+01,-1.631007888277474649e+01
1.721313406943828284e+01,-1.021581949713915272e+01,-7.500120732648428046e+00
1.859569924795411833e+00,1.007722972611849421e+01,7.329074128604721849e+00
1.733166419746877551e+01,-1.342145949086319412e+01,-3.300199668619592241e+00
-1.196170442436851289e+01,6.855405742857219487e+00,4.824818671878667864e+00
-1.277205292531890457e+01,4.826691418375502529e+00,3.075774975087108842e+00
-1.993871464746131039e+01,-2.001991657851490203e+01,-1.774359604619291275e+01
-2.094552635120728112e+01,-1.670880565947961927e+01,-1.182973627962978114e+01
-2.067619862058781877e+01,-1.269437647888372922e+01,-1.965460806683532624e+01
-2.006973794829753999e+01,-1.188417629525034158e+01,-1.446616556237092333e+01
1.856878557729707069e+01,-1.228836026923602986e+01,1.079520437319448689e+00
-1.811487833262041391e+01,-1.774179714751401704e+01,-1.601475494513390885e+01
1.225531806934307300e+00,2.006343157850001546e+01,4.224773908291396651e+00
-1.295257070758748874e+01,3.951637271549106600e+00,-1.677766155105988588e-01
-1.795875562285441163e+01,-2.109556759739676579e+01,-2.303253755803691050e+01
1.939725553089560606e+01,-9.543851525766299915e+00,-5.729430009435459326e+00
-1.110829075519749054e+01,8.522900496179932617e-01,4.210489078939904317e+00
-1.287090590154437386e+01,1.883568143335093481e+00,2.244159448568740167e+00
-4.582157549029584942e+00,-1.940135246934825375e+01,1.632138142556082983e+01
-5.684274570066338850e-01,1.657491971292953892e+01,2.306713971337920110e+00
-1.852047133766220810e+01,-1.515487889926837539e+01,-1.651783479192058834e+01
-2.035570203174858861e+01,-1.731771245694341843e+01,-1.672707468290438371e+01
-2.273620683765952677e+01,-2.191097266414118749e+01,-1.686176395516279314e+01
1.827723314233163876e+01,-1.177625564827611271e+01,2.176617394494528401e+00
-1.415554918517355887e+01,3.053001021775275881e+00,1.706217439608663788e+00
-2.205221820853069659e+01,-1.893435016663105586e+01,-1.797706905347144257e+01
1.797224499432130429e+01,-1.038600905715026279e+01,-5.499041555346513732e+00
-9.124848956560631663e+00,-2.120812479396057526e+01,1.467335364543385268e+01
-1.372144006668853500e+01,4.932874958695554923e+00,6.983094537083649911e+00
-5.889955708127916356e-01,1.435385156863497436e+01,4.560281175846686352e+00
-3.123783252541841193e+00,2.560537837991748233e+01,4.004618968648299138e+00
-9.403551638924485090e+00,-1.841759225191895766e+01,1.787138036170378541e+01
4.715191558898157442e-01,1.583121211515577720e+01,5.082740091739401223e+00
1.806696068850610715e+01,-1.474421843576205937e+01,-1.256325474035201450e-01
-1.354319610430418663e+01,3.479162802381877917e+00,4.323429596882318648e+00
1.949153188870548092e+01,-1.032047077975311566e+01,-2.046429378059299253e+00
-6.062315940022322103e+00,-2.038976321997327901e+01,1.690552750930106285e+01
-6.281261856067521521e+00,-1.981717046866156551e+01,1.731396517172823124e+01
-1.785329762872856563e+01,-1.523754820305944335e+01,-1.705917340532437620e+01
-1.257843235014121497e+01,1.537201484621286252e+00,6.296643551115549187e+00
-2.138064691842288667e+01,-1.445672770036803634e+01,-1.519882139595949155e+01
-6.531522488804839988e+00,-1.773503551124221289e+01,1.821246620786603998e+01
-9.965035890131620278e+00,-1.799594079163357918e+01,1.720986994747505605e+01
1.795083159360212477e+01,-7.894067638058482217e+00,-2.268451636482293754e+00
-2.089970839667207514e+01,-1.304344711073924934e+01,-1.448387664836662303e+01
5.304511652660404142e-01,1.947115472858664731e+01,4.022112340466957647e+00
-1.838714530666167590e+01,-1.906688212204783284e+01,-1.361411950142122329e+01
6.051340353744005807e-02,2.050487277631558669e+01,5.231638508650999775e+00
-1.244401471539219273e+01,3.523822761797222647e+00,5.429601589482576429e+00
-2.292618818643396494e+01,-1.795798851598067714e+01,-2.186139564784627964e+01
1.980818401343724844e+01,-1.031957982535890217e+01,-3.132664874728321447e+00
-2.344574822027797545e+00,1.446545770086343019e+01,6.398915564137728218e+00
-1.406527693238966137e+01,-1.597258779048809174e+01,-1.634152294511222081e+01
-1.468481537698218986e+01,-1.566202357343876983e+01,-1.881174945554601408e+01
2.044103172930052947e-01,1.591527223055641649e+01,-6.464434618191350346e-01
-1.513973915314923602e+01,4.085086047710923651e+00,6.460528530833434147e+00
1.935058517548369394e+01,-9.133489725071312293e+00,3.805019265689530972e-01
-1.457866502599115499e+01,4.756929350485283869e+00,7.549272858054560942e+00
4.047879752585298974e+00,1.460077930553647008e+01,1.820498529881326988e-01
-9.320683116565890103e+00,-2.154034142598993640e+01,1.768868253634973087e+01
-2.202519960968493251e+01,-1.274986757432261797e+01,-1.391775431787461770e+01
-6.841390229317361182e+00,-2.040535314362902142e+01,2.073616164814436758e+01
-1.511673441310784405e+01,-1.717155323799060440e+01,-1.602270295776937203e+01
2.157035495666224989e+01,-1.151631741773870843e+01,2.023769100527080589e+00
-5.015527519310813531e+00,-2.079487340895333247e+01,1.887108761826848990e+01
-1.880622092643827514e+01,-1.989390166237441804e+01,-1.884713194977272721e+01
-1.335868657406691007e+01,-1.711403206767902674e+01,-1.667305180054301417e+01
1.859142054544157929e+01,-5.955560675613510213e+00,-1.728820666005368656e+00
2.103541908446174347e+01,-1.397324365882925079e+01,-7.573423676323046472e+00
-1.838206248527544773e+01,-1.815836291372362155e+01,-2.025522251514496830e+01
-1.263826939885671052e+01,4.450206944707864487e+00,2.435837519162331155e+00
-1.340861419309297808e+01,7.010118850664030177e+00,4.625939892469512316e+00
-7.610610263307708401e+00,-1.853571947624003968e+01,1.548670492032661095e+01
-5.051216149566420732e+00,-1.781026884322216475e+01,1.527445711861726174e+01
-1.131910204137345310e+01,-1.881361575230804206e+01,1.486653265663468204e+01
1.839733851544248822e+01,-1.151887880445610968e+01,1.102864102558163140e+00
-2.382805456864660698e+01,-1.915542672080949416e+01,-1.831484026613917848e+01
1.933633526916484868e+01,-9.128543858822007806e+00,-6.454788538500802808e+00
1.960546450944768182e+01,-1.373402521841003754e+01,2.193173498058037296e+00
-1.643103281807709592e+01,-1.471565785965988660e+01,-1.710984213597640036e+01
-2.344201720285810708e+01,-1.667498941071508511e+01,-1.594614631851172604e+01
2.047665235737034806e+01,-1.321892428191942059e+01,-1.952169931966883931e+00
-6.582517567759061272e+00,-1.982792217295477499e+01,1.767670996332819300e+01
-1.097008100379844286e+01,3.389167058830437451e+00,7.227288351225464424e+00
1.824197406056250870e+01,-9.535448134454775015e+00,-3.960063199530735378e+00
-1.255625530392262945e+01,-1.586423872787805145e+01,2.020616569466615076e+01
-1.465946273864281402e+01,3.704194825113281464e+00,5.245171179704615660e+00
1.953427616227470409e+01,-1.417485809716118617e+01,1.445474082111681380e+00
-1.671114627164896760e+01,-1.976323872312085683e+01,-1.668939377129923329e+01
-1.730000277388394458e+00,1.865121229366831912e+01,9.801788992400872758e-01
-2.117374569631809322e+01,-1.398650167342986173e+01,-9.901013272930953235e+00
-1.325804544495474069e+01,3.048948938571689915e+00,2.345619766169576792e+00
-6.027446011428986061e+00,-1.909070739851901877e+01,1.500253413073224174e+01
-1.648323842524202831e+01,2.257768947743533872e+00,2.876468142300049990e+00
-1.424453381024325616e+01,4.249635221397572771e+00,1.510982635116047579e+00
-1.590572947702424500e+01,-1.930027160166024558e+01,-1.363834703316643981e+01
-1.437514044743733699e+01,1.333153204230900890e+00,7.351312455745357965e+00
1.925697877834382865e+01,-3.630430733045955094e+00,-5.064948167340773466e+00
-1.847650823563800060e+01,-1.532306810807492070e+01,-1.772797116896408909e+01
2.002016165831635419e+01,-1.146470929633517777e+01,1.178594004927329575e+00
-1.169590042322077217e+01,3.033614980710435560e+00,1.309206917527250269e-01
5.218327179265447313e+00,1.580095647505282308e+01,1.952362043204683983e+00
2.131379346640931516e+01,-1.291109840928736574e+01,-1.906987593551865201e+00
-8.724604092720198878e+00,-2.149686323844573721e+01,1.688171505726002053e+01
-2.458662982783489159e+00,1.602627677281515162e+01,-3.120754518642199216e-02
-7.184599593532096762e+00,-1.930462255057402388e+01,1.961499850107824017e+01
2.754437604690290975e+00,1.659471302261556147e+01,3.174982024540053516e+00
4.171866149672823099e+00,1.438699700495799405e+01,5.081110412899029427e+00
-1.785993305337731840e+01,-1.462337234685856302e+01,-1.361424228816732196e+01
-2.134082069719277186e+01,-2.075905084671925849e+01,-1.448926640582756775e+01
6.492990053070145651e-01,1.968166708591822811e+01,7.083602327360476458e+00
-1.533306379238467443e+01,6.647732760136470631e+00,2.999430324380314872e+00
-2.069711096693478680e+01,-1.533550711884091200e+01,-1.854798095565972815e+01
-9.224081039469501420e+00,-1.841744785180588906e+01,1.894349253537509625e+01
-1.573033972573058037e+01,5.311143647814551727e+00,4.454358560191260530e+00
-1.811496195475869442e+01,-1.636867644485153050e+01,-1.369926744564270926e+01
3.202309337664520861e+00,1.529756495263890237e+01,3.169056055432998509e+00
1.837567598522161205e+01,-1.131314838349803864e+01,2.534607491391791534e+00
-1.246929985227022186e+01,3.242977151310703299e+00,4.844710372452587954e+00
4.390464512365810368e-01,1.794276468226434673e+01,1.701714101776991228e+00
-1.275707081848774038e+01,2.490963320741176545e+00,7.262028275691021939e+00
-2.334831870297774969e+01,-1.500492605697361270e+01,-8.358239727693934640e+00
-5.100032412467738752e+00,-2.005508970430068416e+01,1.736691572300068032e+01
-1.248037756235550333e+01,-2.297550643460533237e+01,1.647849545563949647e+01
-1.840910233647928251e+01,-1.997915248627928264e+01,-1.664576746230084936e+01
1.907979204493074832e+01,-1.012867169508510834e+01,-2.104885013567741048e+00
-6.887391940940307045e+00,-1.777041021730908810e+01,1.440542296604787431e+01
2.156034751102051672e+01,-1.100700764181854474e+01,7.036603876804129243e+00
-1.828776845843452392e+01,-2.039421973858105019e+01,-1.624400912779863049e+01
-1.519863756705056979e+01,5.540824413316341790e+00,3.873190576102463201e+00
-6.590204662680855918e+00,-1.969886906737589172e+01,2.098732910407636254e+01
1.963417246336802435e+01,-8.908310449866489122e+00,2.246919005258104285e+00
1.774001689044727925e+01,-1.124920514252474568e+01,1.084085672045605797e+00
1.627876644996715072e+01,-1.300128888742865030e+01,1.973223303785279992e+00
-1.034784878833165500e+01,-1.815128924525231824e+01,2.151279635105935029e+01
-1.677152654479639438e+01,1.598424974261585696e+00,4.273767316290697948e+00
2.009087074144572327e+01,-1.311230466094522917e+01,-1.410485904930839585e+00
-6.389865923255941382e+00,-2.055078117660172055e+01,1.746743078522439419e+01
-8.759161408124628068e+00,-1.983501047500844194e+01,1.676345998368303825e+01
-1.564242627481047343e+01,5.831341485709079286e+00,4.447413503983309369e+00
2.085791210246654614e+01,-1.261931646444988964e+01,-5.411517600736935885e-01
-2.060343418099856549e+01,-1.507628628606198973e+01,-1.759530480862341406e+01
-1.028065943720953257e+01,4.303700723200035938e+00,9.504743176232834045e+00
-1.300833304405053248e+01,3.430492850692188789e+00,4.371791087894190575e+00
6.813767701855221182e-01,1.855736693322280573e+01,5.510875683549071979e+00
2.129569804129945609e+01,-8.485999634379224332e+00,5.719810287788597236e+00
-2.221438220816619946e+01,-1.613813498566836202e+01,-1.789164791061261184e+01
-9.561374621002414642e+00,-1.576419931126186214e+01,1.529911052888176926e+01
1.624380696156326209e+01,-7.338870215984283796e+00,-7.746269574764717003e-01
-1.301978738111445466e+01,-1.803353899438940999e+01,1.821829605276722575e+01
-1.579141100928760011e+01,-2.238273761048296606e+01,-2.134538356332118170e+01
-8.482023563637360652e+00,-1.846483541876673229e+01,1.538537393443536772e+01
1.961635375967849271e+01,-1.211568794943068816e+01,-3.168842074541511344e-02
-1.835213236565493489e+01,-2.224651464114381838e+01,-1.731145124880185193e+01
-1.825437097374532769e+01,-2.005391998422128452e+01,-1.688032404013285159e+01
-1.100318974206815881e+01,-1.732026631886439461e+01,2.175233273637121911e+01
1.828092570222635871e+01,-6.353889439504273540e+00,-2.715355051143449217e+00
-8.338598215965518534e+00,-1.811189934123670398e+01,1.746375246371107792e+01
1.542027012135208786e+01,-1.009304672082360455e+01,-2.559851355073674561e-01
1.925931888302085682e+01,-8.384228174158982583e+00,1.362568041416670983e+00
-8.574541229808833265e+00,-1.838552310213107077e+01,2.046330282244728238e+01
1.975389276768315838e+01,-9.806888080125380824e+00,-3.989724354062661682e+00
-2.103761706451681235e+01,-1.773018447756799887e+01,-1.774425989123120928e+01
-1.465075235427057265e+01,-1.690023027862425309e+01,1.780533608284860847e+01
-8.224359211471927722e+00,-1.842947934335194304e+01,1.555527476939028375e+01
2.025754847997608366e+01,-1.210659785321504067e+01,2.709977622092600846e-01
-1.628328399208239574e+01,-2.017144253133529475e+01,-1.901416306875572104e+01
-2.143986517015202509e+01,-1.930486543266946597e+01,-1.621985627693775456e+01
-1.379885294549566410e+01,7.695199249721045298e-01,5.004425219763657395e+00
2.676901101710858377e+00,1.226302073097081902e+01,-2.276462113321389147e-01
-1.330885266568960290e+01,3.997721101920172160e+00,2.768321015640283100e+00
1.887916571310570291e+01,-1.028772317080577992e+01,-3.409752755365769161e+00
-4.627881821415118502e-01,1.700942182925029300e+01,4.139028611841084171e+00
2.435127337488385280e+01,-1.029848792983050032e+01,2.119098645628318955e-01
1.834418587194365813e+01,-1.043636242691236049e+01,-3.192099882056945948e+00
1.747225638406028381e+01,-1.526400390697871501e+01,-5.077862959780699903e+00
-1.478027719107866744e+01,-1.421420525728446371e+01,-1.260238112078952355e+01
-1.594326332410524572e+01,-1.142739829273563856e+01,-2.019447561476394526e+01
-8.584977219658798120e+00,-2.052403085540708005e+01,1.621541172640326067e+01
-9.567803270703997498e+00,3.817627619726618349e+00,5.339099892679961101e+00
-1.945609461139505214e+01,-1.953287200578619576e+01,-1.731092794431294379e+01
-1.602148298806471161e+01,-1.848483715773858549e+01,-1.696254243580487042e+01
-1.777538545826503835e+01,-1.965112644455027535e+01,-1.640762197979048409e+01
2.122815694856145186e+01,-9.802885498752825555e+00,9.272196236648062584e-01
7.038979245423851339e+00,2.012472367428426168e+01,-5.776940925738989208e-01
-5.808785600555649964e+00,-2.185256934464851852e+01,2.025292425811593944e+01
-6.897715777650939906e+00,-1.981580966368258956e+01,2.042574500407011584e+01
1.896465260267545716e+01,-9.750601967543262916e+00,-6.287001588420610965e+00
-9.878094660827786200e+00,-2.227335012169364603e+01,1.753388339902618043e+01
1.626485970770685796e+00,1.581491803998833312e+01,3.039731359536164135e+00
1.557836206187940054e+00,1.762777932166438433e+01,1.402851296378576418e+00
-1.971784954109798704e+01,-1.334027475063867030e+01,-1.530349810239300545e+01
-2.281684678972960612e+01,-1.459759305445882305e+01,-2.199758279123514626e+01
-2.029515264436989952e+01,-2.277148052608726658e+01,-1.709996175135418639e+01
-1.922042927553268399e+01,-1.724469989951112225e+01,-2.053115585965725742e+01
-2.117984664828436792e+01,-1.829030762200547144e+01,-1.823301810819425839e+01
5.227607962450480983e+00,7.514571627271687149e+00,1.631080816527117117e+00
-8.838810836120465808e+00,-1.694442501110459176e+01,1.896164201903740576e+01
-1.081219941835722231e+01,-1.868464409682829697e+01,1.669459599741389866e+01
-1.589568635504173599e+01,-1.863149586878942188e+01,-1.687168484206118535e+01
-1.053474505855406207e+01,4.005589297032325469e+00,7.253484838108979815e+00
-1.778793741989780841e+01,-1.990376935716430395e+01,-1.930583230524888805e+01
-7.611072289875487229e+00,-2.015881194119800313e+01,1.760287317911587834e+01
-8.194334602000306944e+00,-1.706830760647998346e+01,1.868654763407320019e+01
-2.058179771517248824e+01,-1.764496954648562266e+01,-1.458806194146669988e+01
1.882670772521614566e+01,-1.432968014534378653e+01,-1.935169643766609715e+00
